Workbook
Name ApplicationList: [1]Lookup!$I$2:$I$34
Name Assumptions: [1]Lookup!$A$2:$A$5
Name BPERate: [1]Lookup!#REF!
Name Etapa: #REF!
Name Status: [2]Data!$A$2:$A$5
Name Tecnologia: #REF!
Name TipoDocumento: #REF!
Name TipoSoftware: #REF!
Name TipoSoftware2: #REF!
Name TrueFalse: [1]Lookup!$C$2:$C$4

Sheet Matriz de Pruebas
E3: Estatus | I3: Total de Ejecutados | J3: Total Casos de Prueba
D4: Tipo de Prueba | E4: Exitoso | F4: Fallado | G4: Detenido por error | H4: No Ejecutado
D5: FUNCIONALES | E5: =COUNTIFS($G$17:$G$1551,E4,$H$17:$H$1551,D5) -> 3 | F5: =COUNTIFS($G$17:$G$1551,F4,$H$17:$H$1551,$D$5) -> 0 | G5: =COUNTIFS($G$17:$G$1551,G4,$H$17:$H$1551,$D$5) -> 0 | H5: =COUNTIFS($G$17:$G$1551,H4,$H$17:$H$1551,$D$5) -> 4 | I5: =F5+E5 -> 3 | J5: =SUM(E5:H5) -> 7
D6: NO FUNCIONALES | E6: =COUNTIFS($G$17:$G$1551,E4,$H$17:$H$1551,$D$6) -> 0 | F6: =COUNTIFS($G$17:$G$1551,F4,$H$17:$H$1551,$D$6) -> 0 | G6: =COUNTIFS($G$17:$G$1551,G4,$H$17:$H$1551,$D$6) -> 0 | H6: =COUNTIFS($G$17:$G$1551,H4,$H$17:$H$1551,$D$6) -> 0 | I6: =F6+E6 -> 0 | J6: =SUM(E6:H6) -> 0
D7: PORCENTAJE | E7: =IFERROR((E5+E6)/J$7,0) -> 0.42857143 | F7: =IFERROR((F5+F6)/J$7,0) -> 0 | G7: =IFERROR((G5+G6)/J$7,0) -> 0 | H7: =IFERROR((H5+H6)/J$7,0) -> 0.57142857 | I7: =IFERROR((I5+I6)/J$7,0) -> 0.42857143 | J7: =(J5+J6) -> 7
D13: Comentarios:
D14: Efectividad del Ciclo | E14: =E7 -> 0.42857143
A17: # Caso Prueba | B17: Módulo | C17: Título | D17: Precondiciones | E17: Descripción del Caso de Prueba | F17: Resultado Esperado | G17: Estatus | H17: Tipo de Prueba | I17: Comentarios
A18: 1 | B18: Inicio | C18: Verificar acceso a la página principal de uTest | D18: Tener conexión a internet y un navegador web disponible. Contar con la URL indicada. | E18: Abrir el navegador web. Ingresar a la URL: https://www.utest.com Visualizar la interfaz principal | F18: La página carga correctamente mostrando toda su información. | G18: Exitoso | H18: FUNCIONALES
A19: 2 | B19: Registro | C19: Redirección al formulario de registro inicial | D19: Estar ubicado en la página principal de uTest. | E19: Localizar el botón "Join Now" en la interfaz. Hacer clic sobre el botón. | F19: El sistema redirige de forma exitosa al usuario al primer paso del formulario de registro. | G19: Exitoso | H19: FUNCIONALES
A20: 3 | B20: Registro | C20: Validar bloqueo del botón Create Account por campos obligatorios vacíos | D20: Estar posicionado en el formulario de registro inicial. | E20: Ingresar a la pantalla de registro. Dejar todos los campos obligatorios vacíos. | F20: El botón "Create Account" permanece deshabilitado y se muestran mensajes de advertencia de campo requerido en cada apartado. | G20: No Ejecutado | H20: FUNCIONALES
A21: 4 | B21: Registro | C21: Validar restricción de números y caracteres especiales en nombres | D21: Estar posicionado en el formulario de registro inicial. | E21: Ingresar números o símbolos en el campo "First Name" o "Last Name" (ej. "213" o "a123") | F21: El sistema rechaza la entrada y despliega mensajes de error indicando que no se admiten ese tipo de caracteres. | G21: No Ejecutado | H21: FUNCIONALES
A22: 5 | B22: Registro | C22: Validar formato correcto del correo electrónico | D22: Estar posicionado en el formulario de registro inicial. | E22: Ingresar un texto que no cumpla con la estructura de un correo | F22: El sistema detecta la anomalía en el formato y muestra un mensaje de error indicando que no es valido el correo. | G22: No Ejecutado | H22: FUNCIONALES
A23: 6 | B23: Registro | C23: Validar obligatoriedad de aceptación de términos y condiciones | D23: Estar posicionado en el formulario de registro con los datos personales correctos ya llenados. | E23: Llenar los campos obligatorios de texto y fecha correctamente. Dejar sin marcar la casilla de "I have read and agreed to the Terms of Use...". Observar el estado del botón y los mensajes en pantalla. | F23: El botón "Create Account" permanece deshabilitado y se muestra la advertencia en rojo: "You must accept the Terms of Use, Privacy Policy and AI Guidelines to be able to continue". | G23: No Ejecutado | H23: FUNCIONALES
A24: 7 | B24: Registro | C24: Validar flujo exitoso de creación de cuenta | D24: Estar en la pantalla inicial del formulario de registro de uTest. | E24: Ingresar First Name y Last Name válidos. Ingresar un Email Address con formato correcto. Seleccionar país de residencia y fecha de nacimiento válida. Marcar obligatoriamente las casillas de aceptación de términos y políticas. Hacer clic en el botón "Create Account". | F24: El sistema procesa la información de manera exitosa, habilita el botón y redirige al usuario al siguiente paso. | G24: Exitoso | H24: FUNCIONALES

Sheet CP-1
A1: Módulo | B1: ='Matriz de Pruebas'!B18 -> Inicio
A2: Título: | B2: ='Matriz de Pruebas'!C18 -> Verificar acceso a la página principal de uTest
A4: Precondiciones: | B4: ='Matriz de Pruebas'!D18 -> Tener conexión a internet y un navegador web disponible. Contar con la URL indicada.
A27: Descripción del Caso de Prueba: | B27: ='Matriz de Pruebas'!E18 -> Abrir el navegador web. Ingresar a la URL: https://www.utest.com Visualizar la interfaz principal
A50: Resultado Esperado: | B50: ='Matriz de Pruebas'!F18 -> La página carga correctamente mostrando toda su información.

Sheet CP-2
A1: Módulo | B1: ='Matriz de Pruebas'!B19 -> Registro
A2: Título: | B2: ='Matriz de Pruebas'!C19 -> Redirección al formulario de registro inicial
A4: Precondiciones: | B4: ='Matriz de Pruebas'!D19 -> Estar ubicado en la página principal de uTest.
A27: Descripción del Caso de Prueba: | B27: ='Matriz de Pruebas'!E19 -> Localizar el botón "Join Now" en la interfaz. Hacer clic sobre el botón.
A50: Resultado Esperado: | B50: ='Matriz de Pruebas'!F19 -> El sistema redirige de forma exitosa al usuario al primer paso del formulario de registro.

Sheet CP-3
A1: Módulo | B1: ='Matriz de Pruebas'!B20 -> Registro
A2: Título: | B2: ='Matriz de Pruebas'!C20 -> Validar bloqueo del botón Create Account por campos obligatorios vacíos
A4: Precondiciones: | B4: ='Matriz de Pruebas'!D20 -> Estar posicionado en el formulario de registro inicial.
A27: Descripción del Caso de Prueba: | B27: ='Matriz de Pruebas'!E20 -> Ingresar a la pantalla de registro. Dejar todos los campos obligatorios vacíos.
A113: Resultado Esperado: | B113: ='Matriz de Pruebas'!F20 -> El botón "Create Account" permanece deshabilitado y se muestran mensajes de advertencia de campo requerido en cada apartado.

Sheet CP-4
A1: Módulo | B1: ='Matriz de Pruebas'!B21 -> Registro
A2: Título: | B2: ='Matriz de Pruebas'!C21 -> Validar restricción de números y caracteres especiales en nombres
A4: Precondiciones: | B4: ='Matriz de Pruebas'!D21 -> Estar posicionado en el formulario de registro inicial.
A27: Descripción del Caso de Prueba: | B27: ='Matriz de Pruebas'!E21 -> Ingresar números o símbolos en el campo "First Name" o "Last Name" (ej. "213" o "a123")
A113: Resultado Esperado: | B113: ='Matriz de Pruebas'!F21 -> El sistema rechaza la entrada y despliega mensajes de error indicando que no se admiten ese tipo de caracteres.

Sheet CP-5
A1: Módulo | B1: ='Matriz de Pruebas'!B22 -> Registro
A2: Título: | B2: ='Matriz de Pruebas'!C22 -> Validar formato correcto del correo electrónico
A4: Precondiciones: | B4: ='Matriz de Pruebas'!D22 -> Estar posicionado en el formulario de registro inicial.
A27: Descripción del Caso de Prueba: | B27: ='Matriz de Pruebas'!E22 -> Ingresar un texto que no cumpla con la estructura de un correo
A113: Resultado Esperado: | B113: ='Matriz de Pruebas'!F22 -> El sistema detecta la anomalía en el formato y muestra un mensaje de error indicando que no es valido el correo.

Sheet CP-6
A1: Módulo | B1: ='Matriz de Pruebas'!B23 -> Registro
A2: Título: | B2: ='Matriz de Pruebas'!C23 -> Validar obligatoriedad de aceptación de términos y condiciones
A4: Precondiciones: | B4: ='Matriz de Pruebas'!D23 -> Estar posicionado en el formulario de registro con los datos personales correctos ya llenados.
A27: Descripción del Caso de Prueba: | B27: ='Matriz de Pruebas'!E23 -> Llenar los campos obligatorios de texto y fecha correctamente. Dejar sin marcar la casilla de "I have read and agreed to the Terms of Use...". Observar el estado del botón y los mensajes en pantalla.
A113: Resultado Esperado: | B113: ='Matriz de Pruebas'!F23 -> El botón "Create Account" permanece deshabilitado y se muestra la advertencia en rojo: "You must accept the Terms of Use, Privacy Policy and AI Guidelines to be able to continue".

Sheet CP-7
A1: Módulo | B1: ='Matriz de Pruebas'!B24 -> Registro
A2: Título: | B2: ='Matriz de Pruebas'!C24 -> Validar flujo exitoso de creación de cuenta
A4: Precondiciones: | B4: ='Matriz de Pruebas'!D24 -> Estar en la pantalla inicial del formulario de registro de uTest.
A27: Descripción del Caso de Prueba: | B27: ='Matriz de Pruebas'!E24 -> Ingresar First Name y Last Name válidos. Ingresar un Email Address con formato correcto. Seleccionar país de residencia y fecha de nacimiento válida. Marcar obligatoriamente las casillas de aceptación de términos y políticas. Hacer clic en el botón "Create Account".
A92: Resultado Esperado: | B92: ='Matriz de Pruebas'!F24 -> El sistema procesa la información de manera exitosa, habilita el botón y redirige al usuario al siguiente paso.
